--
-- PostgreSQL database dump
--

\restrict LX82490cAN9cqhoSSlH2IKi2aOyNmG1UzvHp4SMbDlGHPqO5BkxqhdiD4PoyKna

-- Dumped from database version 16.10 (Ubuntu 16.10-0ubuntu0.24.04.1)
-- Dumped by pg_dump version 17.7 (Ubuntu 17.7-3.pgdg24.04+1)

SET statement_timeout = 0;
SET lock_timeout = 0;
SET idle_in_transaction_session_timeout = 0;
SET transaction_timeout = 0;
SET client_encoding = 'UTF8';
SET standard_conforming_strings = on;
SELECT pg_catalog.set_config('search_path', '', false);
SET check_function_bodies = false;
SET xmloption = content;
SET client_min_messages = warning;
SET row_security = off;

SET default_tablespace = '';

SET default_table_access_method = heap;

--
-- Name: exercise_categories; Type: TABLE; Schema: public; Owner: nutri
--

CREATE TABLE public.exercise_categories (
    category_id integer NOT NULL,
    name character varying(50) NOT NULL
);


ALTER TABLE public.exercise_categories OWNER TO nutri;

--
-- Name: exercise_categories_category_id_seq; Type: SEQUENCE; Schema: public; Owner: nutri
--

CREATE SEQUENCE public.exercise_categories_category_id_seq
    AS integer
    START WITH 1
    INCREMENT BY 1
    NO MINVALUE
    NO MAXVALUE
    CACHE 1;


ALTER SEQUENCE public.exercise_categories_category_id_seq OWNER TO nutri;

--
-- Name: exercise_categories_category_id_seq; Type: SEQUENCE OWNED BY; Schema: public; Owner: nutri
--

ALTER SEQUENCE public.exercise_categories_category_id_seq OWNED BY public.exercise_categories.category_id;


--
-- Name: exercise_subcategories; Type: TABLE; Schema: public; Owner: nutri
--

CREATE TABLE public.exercise_subcategories (
    subcategory_id integer NOT NULL,
    category_id integer NOT NULL,
    name character varying(50) NOT NULL
);


ALTER TABLE public.exercise_subcategories OWNER TO nutri;

--
-- Name: exercise_subcategories_subcategory_id_seq; Type: SEQUENCE; Schema: public; Owner: nutri
--

CREATE SEQUENCE public.exercise_subcategories_subcategory_id_seq
    AS integer
    START WITH 1
    INCREMENT BY 1
    NO MINVALUE
    NO MAXVALUE
    CACHE 1;


ALTER SEQUENCE public.exercise_subcategories_subcategory_id_seq OWNER TO nutri;

--
-- Name: exercise_subcategories_subcategory_id_seq; Type: SEQUENCE OWNED BY; Schema: public; Owner: nutri
--

ALTER SEQUENCE public.exercise_subcategories_subcategory_id_seq OWNED BY public.exercise_subcategories.subcategory_id;


--
-- Name: exercise_subcategory_links; Type: TABLE; Schema: public; Owner: nutri
--

CREATE TABLE public.exercise_subcategory_links (
    exercise_id integer NOT NULL,
    subcategory_id integer NOT NULL
);


ALTER TABLE public.exercise_subcategory_links OWNER TO nutri;

--
-- Name: exercises; Type: TABLE; Schema: public; Owner: nutri
--

CREATE TABLE public.exercises (
    exercise_id integer NOT NULL,
    exercise_key character varying(100) NOT NULL,
    exercise_type character varying(100) NOT NULL,
    calories_per_kg numeric(5,2) NOT NULL,
    user_id integer,
    category character varying(20) DEFAULT 'strength'::character varying NOT NULL
);


ALTER TABLE public.exercises OWNER TO nutri;

--
-- Name: exercises_exercise_id_seq; Type: SEQUENCE; Schema: public; Owner: nutri
--

CREATE SEQUENCE public.exercises_exercise_id_seq
    AS integer
    START WITH 1
    INCREMENT BY 1
    NO MINVALUE
    NO MAXVALUE
    CACHE 1;


ALTER SEQUENCE public.exercises_exercise_id_seq OWNER TO nutri;

--
-- Name: exercises_exercise_id_seq; Type: SEQUENCE OWNED BY; Schema: public; Owner: nutri
--

ALTER SEQUENCE public.exercises_exercise_id_seq OWNED BY public.exercises.exercise_id;


--
-- Name: food; Type: TABLE; Schema: public; Owner: nutri
--

CREATE TABLE public.food (
    food_id integer NOT NULL,
    description character varying(255) NOT NULL,
    calories numeric(8,2),
    protein numeric(6,2),
    carbs numeric(6,2),
    total_fat numeric(6,2),
    saturated_fat numeric(6,2),
    cholesterol numeric(6,2),
    sodium numeric(6,2),
    sugar numeric(6,2),
    user_id integer
);


ALTER TABLE public.food OWNER TO nutri;

--
-- Name: food_food_id_seq; Type: SEQUENCE; Schema: public; Owner: nutri
--

ALTER TABLE public.food ALTER COLUMN food_id ADD GENERATED BY DEFAULT AS IDENTITY (
    SEQUENCE NAME public.food_food_id_seq
    START WITH 1
    INCREMENT BY 1
    NO MINVALUE
    NO MAXVALUE
    CACHE 1
);


--
-- Name: friends; Type: TABLE; Schema: public; Owner: nutri
--

CREATE TABLE public.friends (
    friendship_id integer NOT NULL,
    user_id integer NOT NULL,
    friend_id integer NOT NULL,
    status character varying(20) DEFAULT 'pending'::character varying NOT NULL,
    created_at timestamp without time zone DEFAULT now(),
    updated_at timestamp without time zone DEFAULT now(),
    CONSTRAINT friends_check CHECK ((user_id <> friend_id))
);


ALTER TABLE public.friends OWNER TO nutri;

--
-- Name: friends_friendship_id_seq; Type: SEQUENCE; Schema: public; Owner: nutri
--

CREATE SEQUENCE public.friends_friendship_id_seq
    AS integer
    START WITH 1
    INCREMENT BY 1
    NO MINVALUE
    NO MAXVALUE
    CACHE 1;


ALTER SEQUENCE public.friends_friendship_id_seq OWNER TO nutri;

--
-- Name: friends_friendship_id_seq; Type: SEQUENCE OWNED BY; Schema: public; Owner: nutri
--

ALTER SEQUENCE public.friends_friendship_id_seq OWNED BY public.friends.friendship_id;


--
-- Name: goal_metrics; Type: TABLE; Schema: public; Owner: nutri
--

CREATE TABLE public.goal_metrics (
    metric_id integer NOT NULL,
    goal_id integer NOT NULL,
    current_value numeric(10,2) NOT NULL,
    recorded_date timestamp without time zone DEFAULT now() NOT NULL,
    metric_unit character varying(20) NOT NULL
);


ALTER TABLE public.goal_metrics OWNER TO nutri;

--
-- Name: goal_metrics_metric_id_seq; Type: SEQUENCE; Schema: public; Owner: nutri
--

CREATE SEQUENCE public.goal_metrics_metric_id_seq
    AS integer
    START WITH 1
    INCREMENT BY 1
    NO MINVALUE
    NO MAXVALUE
    CACHE 1;


ALTER SEQUENCE public.goal_metrics_metric_id_seq OWNER TO nutri;

--
-- Name: goal_metrics_metric_id_seq; Type: SEQUENCE OWNED BY; Schema: public; Owner: nutri
--

ALTER SEQUENCE public.goal_metrics_metric_id_seq OWNED BY public.goal_metrics.metric_id;


--
-- Name: goals; Type: TABLE; Schema: public; Owner: nutri
--

CREATE TABLE public.goals (
    goal_id integer NOT NULL,
    user_id integer NOT NULL,
    goal_type character varying(50) NOT NULL,
    date_added timestamp without time zone DEFAULT now(),
    goal_end_date date,
    goal_complete boolean DEFAULT false,
    target_value numeric(10,2),
    name character varying(255),
    metric_type character varying(10) DEFAULT 'numeric'::character varying,
    challenged_user_id integer,
    challenge_status character varying(20) DEFAULT 'personal'::character varying,
    created_by_user_id integer,
    CONSTRAINT goals_challenge_status_check CHECK (((challenge_status)::text = ANY ((ARRAY['personal'::character varying, 'pending'::character varying, 'accepted'::character varying, 'declined'::character varying])::text[])))
);


ALTER TABLE public.goals OWNER TO nutri;

--
-- Name: goals_goal_id_seq; Type: SEQUENCE; Schema: public; Owner: nutri
--

ALTER TABLE public.goals ALTER COLUMN goal_id ADD GENERATED BY DEFAULT AS IDENTITY (
    SEQUENCE NAME public.goals_goal_id_seq
    START WITH 1
    INCREMENT BY 1
    NO MINVALUE
    NO MAXVALUE
    CACHE 1
);


--
-- Name: meal_foods; Type: TABLE; Schema: public; Owner: nutri
--

CREATE TABLE public.meal_foods (
    meal_id integer NOT NULL,
    food_id integer NOT NULL,
    food_amount numeric(8,2) NOT NULL
);


ALTER TABLE public.meal_foods OWNER TO nutri;

--
-- Name: meals; Type: TABLE; Schema: public; Owner: nutri
--

CREATE TABLE public.meals (
    meal_id integer NOT NULL,
    user_id integer NOT NULL,
    meal_date date DEFAULT now(),
    meal_type character varying(50),
    meal_name character varying(255),
    parent_meal_id integer
);


ALTER TABLE public.meals OWNER TO nutri;

--
-- Name: meals_meal_id_seq; Type: SEQUENCE; Schema: public; Owner: nutri
--

ALTER TABLE public.meals ALTER COLUMN meal_id ADD GENERATED BY DEFAULT AS IDENTITY (
    SEQUENCE NAME public.meals_meal_id_seq
    START WITH 1
    INCREMENT BY 1
    NO MINVALUE
    NO MAXVALUE
    CACHE 1
);


--
-- Name: progress_tracking; Type: TABLE; Schema: public; Owner: nutri
--

CREATE TABLE public.progress_tracking (
    tracking_id integer NOT NULL,
    user_id integer NOT NULL,
    goal_id integer,
    height numeric(5,2),
    weight numeric(5,2),
    recorded_date timestamp without time zone DEFAULT now()
);


ALTER TABLE public.progress_tracking OWNER TO nutri;

--
-- Name: progress_tracking_tracking_id_seq; Type: SEQUENCE; Schema: public; Owner: nutri
--

ALTER TABLE public.progress_tracking ALTER COLUMN tracking_id ADD GENERATED BY DEFAULT AS IDENTITY (
    SEQUENCE NAME public.progress_tracking_tracking_id_seq
    START WITH 1
    INCREMENT BY 1
    NO MINVALUE
    NO MAXVALUE
    CACHE 1
);


--
-- Name: users; Type: TABLE; Schema: public; Owner: nutri
--

CREATE TABLE public.users (
    user_id integer NOT NULL,
    username character varying(50) NOT NULL,
    password character varying(255) NOT NULL,
    created_at timestamp without time zone DEFAULT now(),
    date_of_birth date NOT NULL,
    nickname character varying(100) DEFAULT ''::character varying
);


ALTER TABLE public.users OWNER TO nutri;

--
-- Name: users_user_id_seq; Type: SEQUENCE; Schema: public; Owner: nutri
--

ALTER TABLE public.users ALTER COLUMN user_id ADD GENERATED BY DEFAULT AS IDENTITY (
    SEQUENCE NAME public.users_user_id_seq
    START WITH 1
    INCREMENT BY 1
    NO MINVALUE
    NO MAXVALUE
    CACHE 1
);


--
-- Name: workout_exercises; Type: TABLE; Schema: public; Owner: nutri
--

CREATE TABLE public.workout_exercises (
    workout_id integer NOT NULL,
    exercise_id integer NOT NULL,
    exercise_duration integer NOT NULL,
    sets integer,
    reps integer,
    weight numeric(5,2),
    distance numeric(7,2),
    incline numeric(3,1),
    max_weight integer
);


ALTER TABLE public.workout_exercises OWNER TO nutri;

--
-- Name: workouts; Type: TABLE; Schema: public; Owner: nutri
--

CREATE TABLE public.workouts (
    workout_id integer NOT NULL,
    user_id integer NOT NULL,
    name character varying(255),
    notes text,
    duration integer NOT NULL,
    workout_date timestamp without time zone DEFAULT now(),
    is_template boolean DEFAULT true NOT NULL,
    total_calories_burned numeric(7,2)
);


ALTER TABLE public.workouts OWNER TO nutri;

--
-- Name: workouts_workout_id_seq; Type: SEQUENCE; Schema: public; Owner: nutri
--

CREATE SEQUENCE public.workouts_workout_id_seq
    AS integer
    START WITH 1
    INCREMENT BY 1
    NO MINVALUE
    NO MAXVALUE
    CACHE 1;


ALTER SEQUENCE public.workouts_workout_id_seq OWNER TO nutri;

--
-- Name: workouts_workout_id_seq; Type: SEQUENCE OWNED BY; Schema: public; Owner: nutri
--

ALTER SEQUENCE public.workouts_workout_id_seq OWNED BY public.workouts.workout_id;


--
-- Name: exercise_categories category_id; Type: DEFAULT; Schema: public; Owner: nutri
--

ALTER TABLE ONLY public.exercise_categories ALTER COLUMN category_id SET DEFAULT nextval('public.exercise_categories_category_id_seq'::regclass);


--
-- Name: exercise_subcategories subcategory_id; Type: DEFAULT; Schema: public; Owner: nutri
--

ALTER TABLE ONLY public.exercise_subcategories ALTER COLUMN subcategory_id SET DEFAULT nextval('public.exercise_subcategories_subcategory_id_seq'::regclass);


--
-- Name: exercises exercise_id; Type: DEFAULT; Schema: public; Owner: nutri
--

ALTER TABLE ONLY public.exercises ALTER COLUMN exercise_id SET DEFAULT nextval('public.exercises_exercise_id_seq'::regclass);


--
-- Name: friends friendship_id; Type: DEFAULT; Schema: public; Owner: nutri
--

ALTER TABLE ONLY public.friends ALTER COLUMN friendship_id SET DEFAULT nextval('public.friends_friendship_id_seq'::regclass);


--
-- Name: goal_metrics metric_id; Type: DEFAULT; Schema: public; Owner: nutri
--

ALTER TABLE ONLY public.goal_metrics ALTER COLUMN metric_id SET DEFAULT nextval('public.goal_metrics_metric_id_seq'::regclass);


--
-- Name: workouts workout_id; Type: DEFAULT; Schema: public; Owner: nutri
--

ALTER TABLE ONLY public.workouts ALTER COLUMN workout_id SET DEFAULT nextval('public.workouts_workout_id_seq'::regclass);


--
-- Data for Name: exercise_categories; Type: TABLE DATA; Schema: public; Owner: nutri
--

COPY public.exercise_categories (category_id, name) FROM stdin;
1	BACK
2	CHEST
3	ARMS
4	LEGS
5	CORE
6	CARDIO
\.


--
-- Data for Name: exercise_subcategories; Type: TABLE DATA; Schema: public; Owner: nutri
--

COPY public.exercise_subcategories (subcategory_id, category_id, name) FROM stdin;
1	1	Upper Back
2	1	Lower Back
3	1	Lats
4	1	Traps
5	2	Upper Chest
6	2	Lower Chest
7	3	Biceps
8	3	Triceps
9	3	Forearms
10	4	Quadriceps
11	4	Hamstrings
12	4	Calves
13	4	Glutes
14	5	Upper Abs
15	5	Lower Abs
16	5	Obliques
17	5	Lower Back
23	6	TIME-BASED
24	6	Distance-Based
25	6	Effort-Based
\.


--
-- Data for Name: exercise_subcategory_links; Type: TABLE DATA; Schema: public; Owner: nutri
--

COPY public.exercise_subcategory_links (exercise_id, subcategory_id) FROM stdin;
1	25
2	25
3	25
4	25
5	25
6	25
7	25
8	25
9	25
10	25
11	25
12	25
13	25
14	25
15	25
16	25
17	25
18	25
19	25
20	25
21	25
22	25
23	25
24	25
25	25
26	25
27	25
28	25
29	25
30	25
31	25
32	25
33	25
34	25
35	25
36	25
37	25
38	25
39	25
40	25
41	25
42	25
43	25
44	25
45	25
46	25
47	25
48	25
49	25
50	25
51	25
52	25
53	25
54	25
55	25
56	25
57	25
58	25
59	25
60	25
61	25
62	25
63	25
64	25
65	25
66	25
67	25
68	25
69	25
70	25
71	25
72	25
73	25
74	25
75	25
76	25
77	25
78	25
79	25
80	25
81	25
82	25
83	25
84	25
85	25
86	25
87	25
88	25
89	25
90	25
91	25
92	25
93	25
94	25
95	25
96	25
97	25
98	25
99	25
100	25
101	25
102	25
103	25
104	25
105	25
106	25
107	25
108	25
109	25
110	25
111	25
112	25
113	25
114	25
115	25
116	25
117	25
118	25
119	25
120	25
121	25
122	25
123	25
124	25
125	25
126	25
127	25
128	25
129	25
130	25
131	25
132	25
133	25
134	25
135	25
136	25
137	25
138	25
139	25
140	25
141	25
142	25
143	25
144	25
145	25
146	25
147	25
148	25
149	25
150	25
151	25
152	25
153	25
154	25
155	25
156	25
157	25
158	25
159	25
160	25
161	25
162	25
163	25
164	25
165	25
166	25
167	25
168	25
169	25
170	25
171	25
172	25
173	25
174	25
175	25
176	25
177	25
178	25
179	25
180	25
181	25
182	25
183	25
184	25
185	25
186	25
187	25
188	25
189	25
190	25
191	25
192	25
193	25
194	25
195	25
196	25
197	25
198	25
199	25
200	25
201	25
202	25
203	25
204	25
205	25
206	25
207	25
208	25
209	25
210	25
211	25
212	25
213	25
214	25
215	25
216	25
217	25
218	25
219	25
220	25
221	25
222	25
223	25
224	25
225	25
226	25
227	25
228	25
229	25
230	25
231	25
232	25
233	25
234	25
235	25
236	25
237	25
238	25
239	25
240	25
241	25
242	25
243	25
244	25
245	25
246	25
247	25
248	25
249	1
249	3
253	2
253	1
253	3
254	25
255	23
255	25
\.


--
-- Data for Name: exercises; Type: TABLE DATA; Schema: public; Owner: nutri
--

COPY public.exercises (exercise_id, exercise_key, exercise_type, calories_per_kg, user_id, category) FROM stdin;
1	cycling_mountain_bike_bmx	Cycling, mountain bike, bmx	1.75	\N	cardio
2	cycling_<10_mph_leisure_bicycling	Cycling, <10 mph, leisure bicycling	0.82	\N	cardio
3	cycling_>20_mph_racing	Cycling, >20 mph, racing	3.29	\N	cardio
4	cycling_10-11.9_mph_light	Cycling, 10-11.9 mph, light	1.23	\N	cardio
5	cycling_12-13.9_mph_moderate	Cycling, 12-13.9 mph, moderate	1.65	\N	cardio
6	cycling_14-15.9_mph_vigorous	Cycling, 14-15.9 mph, vigorous	2.06	\N	cardio
7	cycling_16-19_mph_very_fast_racing	Cycling, 16-19 mph, very fast, racing	2.47	\N	cardio
8	unicycling	Unicycling	1.03	\N	cardio
9	stationary_cycling_very_light	Stationary cycling, very light	0.62	\N	cardio
10	stationary_cycling_light	Stationary cycling, light	1.13	\N	cardio
11	stationary_cycling_moderate	Stationary cycling, moderate	1.44	\N	cardio
12	stationary_cycling_vigorous	Stationary cycling, vigorous	2.16	\N	cardio
13	stationary_cycling_very_vigorous	Stationary cycling, very vigorous	2.57	\N	cardio
14	calisthenics_vigorous_pushups_situps…	Calisthenics, vigorous, pushups, situps…	1.65	\N	cardio
15	calisthenics_light	Calisthenics, light	0.72	\N	cardio
16	circuit_training_minimal_rest	Circuit training, minimal rest	1.65	\N	cardio
17	weight_lifting_body_building_vigorous	Weight lifting, body building, vigorous	1.23	\N	cardio
18	weight_lifting_light_workout	Weight lifting, light workout	0.62	\N	cardio
19	health_club_exercise	Health club exercise	1.13	\N	cardio
20	stair_machine	Stair machine	1.85	\N	cardio
21	rowing_machine_light	Rowing machine, light	0.72	\N	cardio
22	rowing_machine_moderate	Rowing machine, moderate	1.44	\N	cardio
23	rowing_machine_vigorous	Rowing machine, vigorous	1.75	\N	cardio
24	rowing_machine_very_vigorous	Rowing machine, very vigorous	2.47	\N	cardio
25	ski_machine	Ski machine	1.44	\N	cardio
26	aerobics_low_impact	Aerobics, low impact	1.03	\N	cardio
27	aerobics_high_impact	Aerobics, high impact	1.44	\N	cardio
28	aerobics_step_aerobics	Aerobics, step aerobics	1.75	\N	cardio
29	aerobics_general	Aerobics, general	1.34	\N	cardio
30	jazzercise	Jazzercise	1.23	\N	cardio
31	stretching_hatha_yoga	Stretching, hatha yoga	0.82	\N	cardio
32	mild_stretching	Mild stretching	0.52	\N	cardio
33	instructing_aerobic_class	Instructing aerobic class	1.23	\N	cardio
34	water_aerobics	Water aerobics	0.82	\N	cardio
35	ballet_twist_jazz_tap	Ballet, twist, jazz, tap	0.93	\N	cardio
36	ballroom_dancing_slow	Ballroom dancing, slow	0.62	\N	cardio
37	ballroom_dancing_fast	Ballroom dancing, fast	1.13	\N	cardio
38	running_5_mph_(12_minute_mile)	Running, 5 mph (12 minute mile)	1.65	\N	cardio
39	running_5.2_mph_(11.5_minute_mile)	Running, 5.2 mph (11.5 minute mile)	1.85	\N	cardio
40	running_6_mph_(10_min_mile)	Running, 6 mph (10 min mile)	2.06	\N	cardio
41	running_6.7_mph_(9_min_mile)	Running, 6.7 mph (9 min mile)	2.27	\N	cardio
42	running_7_mph_(8.5_min_mile)	Running, 7 mph (8.5 min mile)	2.37	\N	cardio
43	running_7.5mph_(8_min_mile)	Running, 7.5mph (8 min mile)	2.57	\N	cardio
44	running_8_mph_(7.5_min_mile)	Running, 8 mph (7.5 min mile)	2.78	\N	cardio
45	running_8.6_mph_(7_min_mile)	Running, 8.6 mph (7 min mile)	2.88	\N	cardio
46	running_9_mph_(6.5_min_mile)	Running, 9 mph (6.5 min mile)	3.09	\N	cardio
47	running_10_mph_(6_min_mile)	Running, 10 mph (6 min mile)	3.29	\N	cardio
48	running_10.9_mph_(5.5_min_mile)	Running, 10.9 mph (5.5 min mile)	3.71	\N	cardio
49	running_cross_country	Running, cross country	1.85	\N	cardio
50	running_general	Running, general	1.65	\N	cardio
51	running_on_a_track_team_practice	Running, on a track, team practice	2.06	\N	cardio
52	running_stairs_up	Running, stairs, up	3.09	\N	cardio
53	track_and_field_(shot_discus)	Track and field (shot, discus)	0.82	\N	cardio
54	track_and_field_(high_jump_pole_vault)	Track and field (high jump, pole vault)	1.23	\N	cardio
55	track_and_field_(hurdles)	Track and field (hurdles)	2.06	\N	cardio
56	archery	Archery	0.72	\N	cardio
57	badminton	Badminton	0.93	\N	cardio
58	basketball_game_competitive	Basketball game, competitive	1.65	\N	cardio
59	playing_basketball_non_game	Playing basketball, non game	1.23	\N	cardio
60	basketball_officiating	Basketball, officiating	1.44	\N	cardio
61	basketball_shooting_baskets	Basketball, shooting baskets	0.93	\N	cardio
62	basketball_wheelchair	Basketball, wheelchair	1.34	\N	cardio
63	running_training_pushing_wheelchair	Running, training, pushing wheelchair	1.65	\N	cardio
64	billiards	Billiards	0.52	\N	cardio
65	bowling	Bowling	0.62	\N	cardio
66	boxing_in_ring	Boxing, in ring	2.47	\N	cardio
67	boxing_punching_bag	Boxing, punching bag	1.23	\N	cardio
68	boxing_sparring	Boxing, sparring	1.85	\N	cardio
69	coaching:_football_basketball_soccer…	Coaching: football, basketball, soccer…	0.82	\N	cardio
70	cricket_(batting_bowling)	Cricket (batting, bowling)	1.03	\N	cardio
71	croquet	Croquet	0.52	\N	cardio
72	curling	Curling	0.82	\N	cardio
73	darts_(wall_or_lawn)	Darts (wall or lawn)	0.52	\N	cardio
74	fencing	Fencing	1.23	\N	cardio
75	football_competitive	Football, competitive	1.85	\N	cardio
76	football_touch_flag_general	Football, touch, flag, general	1.65	\N	cardio
77	football_or_baseball_playing_catch	Football or baseball, playing catch	0.52	\N	cardio
78	frisbee_playing_general	Frisbee playing, general	0.62	\N	cardio
79	frisbee_ultimate_frisbee	Frisbee, ultimate frisbee	1.65	\N	cardio
80	golf_general	Golf, general	0.93	\N	cardio
81	golf_walking_and_carrying_clubs	Golf, walking and carrying clubs	0.93	\N	cardio
82	golf_driving_range	Golf, driving range	0.62	\N	cardio
83	golf_miniature_golf	Golf, miniature golf	0.62	\N	cardio
84	golf_walking_and_pulling_clubs	Golf, walking and pulling clubs	0.89	\N	cardio
85	golf_using_power_cart	Golf, using power cart	0.72	\N	cardio
86	gymnastics	Gymnastics	0.82	\N	cardio
87	hacky_sack	Hacky sack	0.82	\N	cardio
88	handball	Handball	2.47	\N	cardio
89	handball_team	Handball, team	1.65	\N	cardio
90	hockey_field_hockey	Hockey, field hockey	1.65	\N	cardio
91	hockey_ice_hockey	Hockey, ice hockey	1.65	\N	cardio
92	riding_a_horse_general	Riding a horse, general	0.82	\N	cardio
93	horesback_riding_saddling_horse	Horesback riding, saddling horse	0.72	\N	cardio
94	horseback_riding_grooming_horse	Horseback riding, grooming horse	0.72	\N	cardio
95	horseback_riding_trotting	Horseback riding, trotting	1.34	\N	cardio
96	horseback_riding_walking	Horseback riding, walking	0.52	\N	cardio
97	horse_racing_galloping	Horse racing, galloping	1.65	\N	cardio
98	horse_grooming_moderate	Horse grooming, moderate	1.23	\N	cardio
99	horseshoe_pitching	Horseshoe pitching	0.62	\N	cardio
100	jai_alai	Jai alai	2.47	\N	cardio
101	martial_arts_judo_karate_jujitsu	Martial arts, judo, karate, jujitsu	2.06	\N	cardio
102	martial_arts_kick_boxing	Martial arts, kick boxing	2.06	\N	cardio
103	martial_arts_tae_kwan_do	Martial arts, tae kwan do	2.06	\N	cardio
104	krav_maga_training	Krav maga training	2.06	\N	cardio
105	juggling	Juggling	0.82	\N	cardio
106	kickball	Kickball	1.44	\N	cardio
107	lacrosse	Lacrosse	1.65	\N	cardio
108	orienteering	Orienteering	1.85	\N	cardio
109	playing_paddleball	Playing paddleball	1.23	\N	cardio
110	paddleball_competitive	Paddleball, competitive	2.06	\N	cardio
111	polo	Polo	1.65	\N	cardio
112	racquetball_competitive	Racquetball, competitive	2.06	\N	cardio
113	playing_racquetball	Playing racquetball	1.44	\N	cardio
114	rock_climbing_ascending_rock	Rock climbing, ascending rock	2.27	\N	cardio
115	rock_climbing_rappelling	Rock climbing, rappelling	1.65	\N	cardio
116	jumping_rope_fast	Jumping rope, fast	2.47	\N	cardio
117	jumping_rope_moderate	Jumping rope, moderate	2.06	\N	cardio
118	jumping_rope_slow	Jumping rope, slow	1.65	\N	cardio
119	rugby	Rugby	2.06	\N	cardio
120	shuffleboard_lawn_bowling	Shuffleboard, lawn bowling	0.62	\N	cardio
121	skateboarding	Skateboarding	1.03	\N	cardio
122	roller_skating	Roller skating	1.44	\N	cardio
123	roller_blading_in-line_skating	Roller blading, in-line skating	2.47	\N	cardio
124	sky_diving	Sky diving	0.62	\N	cardio
125	soccer_competitive	Soccer, competitive	2.06	\N	cardio
126	playing_soccer	Playing soccer	1.44	\N	cardio
127	softball_or_baseball	Softball or baseball	1.03	\N	cardio
128	softball_officiating	Softball, officiating	0.82	\N	cardio
129	softball_pitching	Softball, pitching	1.23	\N	cardio
130	squash	Squash	2.47	\N	cardio
131	table_tennis_ping_pong	Table tennis, ping pong	0.82	\N	cardio
132	tai_chi	Tai chi	0.82	\N	cardio
133	playing_tennis	Playing tennis	1.44	\N	cardio
134	tennis_doubles	Tennis, doubles	1.23	\N	cardio
135	tennis_singles	Tennis, singles	1.65	\N	cardio
136	trampoline	Trampoline	0.72	\N	cardio
137	volleyball_competitive	Volleyball, competitive	1.65	\N	cardio
138	playing_volleyball	Playing volleyball	0.62	\N	cardio
139	volleyball_beach	Volleyball, beach	1.65	\N	cardio
140	wrestling	Wrestling	1.23	\N	cardio
141	wallyball	Wallyball	1.44	\N	cardio
142	backpacking_hiking_with_pack	Backpacking, Hiking with pack	1.44	\N	cardio
143	carrying_infant_level_ground	Carrying infant, level ground	0.72	\N	cardio
144	carrying_infant_upstairs	Carrying infant, upstairs	1.03	\N	cardio
145	carrying_16_to_24_lbs_upstairs	Carrying 16 to 24 lbs, upstairs	1.23	\N	cardio
146	carrying_25_to_49_lbs_upstairs	Carrying 25 to 49 lbs, upstairs	1.65	\N	cardio
147	standing_playing_with_children_light	Standing, playing with children, light	0.58	\N	cardio
148	walk/run_playing_with_children_moderate	Walk/run, playing with children, moderate	0.82	\N	cardio
149	walk/run_playing_with_children_vigorous	Walk/run, playing with children, vigorous	1.03	\N	cardio
150	carrying_small_children	Carrying small children	0.62	\N	cardio
151	loading_unloading_car	Loading, unloading car	0.62	\N	cardio
152	climbing_hills_carrying_up_to_9_lbs	Climbing hills, carrying up to 9 lbs	1.44	\N	cardio
153	climbing_hills_carrying_10_to_20_lb	Climbing hills, carrying 10 to 20 lb	1.54	\N	cardio
154	climbing_hills_carrying_21_to_42_lb	Climbing hills, carrying 21 to 42 lb	1.65	\N	cardio
155	climbing_hills_carrying_over_42_lb	Climbing hills, carrying over 42 lb	1.85	\N	cardio
156	walking_downstairs	Walking downstairs	0.62	\N	cardio
157	hiking_cross_country	Hiking, cross country	1.23	\N	cardio
158	bird_watching	Bird watching	0.52	\N	cardio
159	marching_rapidly_military	Marching, rapidly, military	1.34	\N	cardio
160	children's_games_hopscotch_dodgeball	Children's games, hopscotch, dodgeball	1.03	\N	cardio
161	pushing_stroller_or_walking_with_children	Pushing stroller or walking with children	0.52	\N	cardio
162	pushing_a_wheelchair	Pushing a wheelchair	0.82	\N	cardio
163	race_walking	Race walking	1.34	\N	cardio
164	rock_climbing_mountain_climbing	Rock climbing, mountain climbing	1.65	\N	cardio
165	walking_using_crutches	Walking using crutches	1.03	\N	cardio
166	walking_the_dog	Walking the dog	0.62	\N	cardio
167	walking_under_2.0_mph_very_slow	Walking, under 2.0 mph, very slow	0.41	\N	cardio
168	walking_2.0_mph_slow	Walking 2.0 mph, slow	0.52	\N	cardio
169	walking_2.5_mph	Walking 2.5 mph	0.62	\N	cardio
170	walking_3.0_mph_moderate	Walking 3.0 mph, moderate	0.68	\N	cardio
171	walking_3.5_mph_brisk_pace	Walking 3.5 mph, brisk pace	0.78	\N	cardio
172	walking_3.5_mph_uphill	Walking 3.5 mph, uphill	1.23	\N	cardio
173	walking_4.0_mph_very_brisk	Walking 4.0 mph, very brisk	1.03	\N	cardio
174	walking_4.5_mph	Walking 4.5 mph	1.30	\N	cardio
175	walking_5.0_mph	Walking 5.0 mph	1.65	\N	cardio
176	boating_power_speed_boat	Boating, power, speed boat	0.52	\N	cardio
177	canoeing_camping_trip	Canoeing, camping trip	0.82	\N	cardio
178	canoeing_rowing_light	Canoeing, rowing, light	0.62	\N	cardio
179	canoeing_rowing_moderate	Canoeing, rowing, moderate	1.44	\N	cardio
180	canoeing_rowing_vigorous	Canoeing, rowing, vigorous	2.47	\N	cardio
181	crew_sculling_rowing_competition	Crew, sculling, rowing, competition	2.47	\N	cardio
182	kayaking	Kayaking	1.03	\N	cardio
183	paddle_boat	Paddle boat	0.82	\N	cardio
184	windsurfing_sailing	Windsurfing, sailing	0.62	\N	cardio
185	sailing_competition	Sailing, competition	1.03	\N	cardio
186	sailing_yachting_ocean_sailing	Sailing, yachting, ocean sailing	0.62	\N	cardio
187	skiing_water_skiing	Skiing, water skiing	1.23	\N	cardio
188	ski_mobiling	Ski mobiling	1.44	\N	cardio
189	skin_diving_fast	Skin diving, fast	3.29	\N	cardio
190	skin_diving_moderate	Skin diving, moderate	2.57	\N	cardio
191	skin_diving_scuba_diving	Skin diving, scuba diving	1.44	\N	cardio
192	snorkeling	Snorkeling	1.03	\N	cardio
193	surfing_body_surfing_or_board_surfing	Surfing, body surfing or board surfing	0.62	\N	cardio
194	whitewater_rafting_kayaking_canoeing	Whitewater rafting, kayaking, canoeing	1.03	\N	cardio
195	swimming_laps_freestyle_fast	Swimming laps, freestyle, fast	2.06	\N	cardio
196	swimming_laps_freestyle_slow	Swimming laps, freestyle, slow	1.44	\N	cardio
197	swimming_backstroke	Swimming backstroke	1.44	\N	cardio
198	swimming_breaststroke	Swimming breaststroke	2.06	\N	cardio
199	swimming_butterfly	Swimming butterfly	2.27	\N	cardio
200	swimming_leisurely_not_laps	Swimming leisurely, not laps	1.23	\N	cardio
201	swimming_sidestroke	Swimming sidestroke	1.65	\N	cardio
202	swimming_synchronized	Swimming synchronized	1.65	\N	cardio
203	swimming_treading_water_fast_vigorous	Swimming, treading water, fast, vigorous	2.06	\N	cardio
204	swimming_treading_water_moderate	Swimming, treading water, moderate	0.82	\N	cardio
205	water_aerobics_water_calisthenics	Water aerobics, water calisthenics	0.82	\N	cardio
206	water_polo	Water polo	2.06	\N	cardio
207	water_volleyball	Water volleyball	0.62	\N	cardio
208	water_jogging	Water jogging	1.65	\N	cardio
209	diving_springboard_or_platform	Diving, springboard or platform	0.62	\N	cardio
210	ice_skating_<_9_mph	Ice skating, < 9 mph	1.13	\N	cardio
211	ice_skating_average_speed	Ice skating, average speed	1.44	\N	cardio
212	ice_skating_rapidly	Ice skating, rapidly	1.85	\N	cardio
213	speed_skating_ice_competitive	Speed skating, ice, competitive	3.09	\N	cardio
214	cross_country_snow_skiing_slow	Cross country snow skiing, slow	1.44	\N	cardio
215	cross_country_skiing_moderate	Cross country skiing, moderate	1.65	\N	cardio
216	cross_country_skiing_vigorous	Cross country skiing, vigorous	1.85	\N	cardio
217	cross_country_skiing_racing	Cross country skiing, racing	2.88	\N	cardio
218	cross_country_skiing_uphill	Cross country skiing, uphill	3.40	\N	cardio
219	snow_skiing_downhill_skiing_light	Snow skiing, downhill skiing, light	1.03	\N	cardio
220	downhill_snow_skiing_moderate	Downhill snow skiing, moderate	1.23	\N	cardio
221	downhill_snow_skiing_racing	Downhill snow skiing, racing	1.65	\N	cardio
222	sledding_tobagganing_luge	Sledding, tobagganing, luge	1.44	\N	cardio
223	snow_shoeing	Snow shoeing	1.65	\N	cardio
224	snowmobiling	Snowmobiling	0.72	\N	cardio
225	general_housework	General housework	0.72	\N	cardio
226	cleaning_gutters	Cleaning gutters	1.03	\N	cardio
227	painting	Painting	0.93	\N	cardio
228	sit_playing_with_animals	Sit, playing with animals	0.52	\N	cardio
229	walk_/_run_playing_with_animals	Walk / run, playing with animals	0.82	\N	cardio
230	bathing_dog	Bathing dog	0.72	\N	cardio
231	mowing_lawn_walk_power_mower	Mowing lawn, walk, power mower	1.13	\N	cardio
232	mowing_lawn_riding_mower	Mowing lawn, riding mower	0.52	\N	cardio
233	walking_snow_blower	Walking, snow blower	0.72	\N	cardio
234	riding_snow_blower	Riding, snow blower	0.62	\N	cardio
235	shoveling_snow_by_hand	Shoveling snow by hand	1.23	\N	cardio
236	raking_lawn	Raking lawn	0.89	\N	cardio
237	gardening_general	Gardening, general	0.82	\N	cardio
238	bagging_grass_leaves	Bagging grass, leaves	0.82	\N	cardio
239	watering_lawn_or_garden	Watering lawn or garden	0.31	\N	cardio
240	weeding_cultivating_garden	Weeding, cultivating garden	0.93	\N	cardio
241	carpentry_general	Carpentry, general	0.72	\N	cardio
242	carrying_heavy_loads	Carrying heavy loads	1.65	\N	cardio
243	carrying_moderate_loads_upstairs	Carrying moderate loads upstairs	1.65	\N	cardio
244	general_cleaning	General cleaning	0.72	\N	cardio
245	cleaning_dusting	Cleaning, dusting	0.52	\N	cardio
246	taking_out_trash	Taking out trash	0.62	\N	cardio
247	walking_pushing_a_wheelchair	Walking, pushing a wheelchair	0.82	\N	cardio
248	teach_physical_educationexercise_class	Teach physical education,exercise class	0.82	\N	cardio
249	lat_pulldown	Lat Pulldown	7.60	9	BACK
253	seated_rows	Seated Rows	4.50	9	BACK
254	treadmill_run	treadmill run	7.80	9	CARDIO
255	treamill_1_mile	treamill 1 mile	7.80	9	CARDIO
\.


--
-- Data for Name: food; Type: TABLE DATA; Schema: public; Owner: nutri
--

COPY public.food (food_id, description, calories, protein, carbs, total_fat, saturated_fat, cholesterol, sodium, sugar, user_id) FROM stdin;
1	chicken	300.00	25.00	12.00	21.00	8.00	\N	\N	\N	\N
2	soup 	300.00	12.00	21.00	4.00	11.00	\N	\N	\N	\N
3	chicken	500.00	23.00	-2.00	21.00	16.00	\N	\N	\N	\N
4	New meal	23.00	21.00	30.00	231.00	321.00	\N	\N	\N	\N
5	Great food 	203.00	21.00	22.00	32.00	15.00	\N	\N	\N	\N
6	drink	2014.00	23.00	2441.00	12.00	22.00	\N	\N	\N	\N
7	drink	2014.00	23.00	2441.00	12.00	22.00	\N	\N	\N	\N
8	waffles	203.00	23.00	139.00	23.00	13.00	\N	\N	\N	\N
9	Chick wings	300.00	12.00	30.00	13.00	4.00	\N	\N	\N	\N
10	Pizza	100.00	20.00	23.00	21.00	32.00	\N	\N	\N	\N
11	Chicken	120.00	120.00	208.00	210.00	209.00	\N	\N	\N	\N
12	Waffles	32.00	321.00	23.00	32.00	30.00	\N	\N	32.00	\N
13	cracker	35.00	0.00	20.00	10.00	3.00	\N	\N	\N	9
14	Pizza	20.00	23.00	32.00	21.00	20.00	\N	\N	\N	9
15	Chicken	120.00	12.00	230.00	12.00	1.00	\N	\N	\N	9
16	chicken	12.00	23.00	21.00	21.00	23.00	\N	\N	\N	9
17	Chicken	123.00	21.00	23.00	21.00	22.00	\N	\N	\N	9
18	Cheese	21.00	32.00	23.00	21.00	21.00	\N	\N	\N	9
19	Cheese bagel	120.00	23.00	32.00	32.00	20.00	\N	\N	\N	9
20	Chicken	21.00	421.00	39.00	23.00	42.00	\N	\N	\N	9
21	Chicken dinner	24.00	42.00	42.00	21.00	42.00	\N	\N	\N	9
22	Chicken	32.00	23.00	231.00	23.00	23.00	\N	\N	\N	9
23	CHICKEN	107.00	21.40	0.00	1.79	0.89	45.00	179.00	0.00	9
24	CHICKEN	188.00	24.70	1.18	9.41	2.94	82.00	353.00	0.00	9
25	Potato, mashed, NFS	114.00	2.15	17.60	4.07	2.15	10.00	210.00	0.00	9
26	Steak	320.00	23.00	23.00	21.00	2.00	\N	\N	\N	9
27	Potatoes	23.00	23.00	21.00	21.00	2.00	\N	\N	\N	9
28	chicken	300.00	25.00	12.00	21.00	8.00	\N	\N	\N	\N
29	RICE	139.00	3.47	26.40	2.43	0.00	0.00	465.00	0.00	\N
30	chicken	300.00	25.00	12.00	21.00	8.00	\N	\N	\N	\N
31	Steak	300.00	24.00	210.00	10.00	12.00	\N	\N	\N	9
32	Shrimp and Lobster	231.00	23.00	32.00	32.00	231.00	32.00	32.00	32.00	9
33	Peppers, green, cooked	47.00	0.74	4.83	2.76	0.75	2.00	126.00	0.00	\N
34	Onions, green, cooked	63.00	2.09	8.37	3.21	0.82	2.00	161.00	0.00	\N
35	POTATOES	74.00	2.03	17.60	0.00	0.00	0.00	0.00	0.00	\N
36	STEW MEAT	179.00	18.80	1.79	10.70	4.46	54.00	259.00	0.00	\N
37	chicken	300.00	25.00	12.00	21.00	8.00	\N	\N	\N	\N
38	chicken	300.00	25.00	12.00	21.00	8.00	\N	\N	\N	\N
39	POTATOES	74.00	2.03	17.60	0.00	0.00	0.00	0.00	0.00	\N
40	chicken	300.00	25.00	12.00	21.00	8.00	\N	\N	\N	\N
41	chicken	300.00	25.00	12.00	21.00	8.00	\N	\N	\N	\N
42	POTATOES	74.00	2.03	17.60	0.00	0.00	0.00	0.00	0.00	\N
43	chicken	300.00	25.00	12.00	21.00	8.00	\N	\N	\N	\N
\.


--
-- Data for Name: friends; Type: TABLE DATA; Schema: public; Owner: nutri
--

COPY public.friends (friendship_id, user_id, friend_id, status, created_at, updated_at) FROM stdin;
2	9	8	accepted	2025-12-02 11:51:19.007678	2025-12-02 11:57:53.34901
4	9	1	pending	2025-12-02 12:47:15.834283	2025-12-02 12:47:15.834283
\.


--
-- Data for Name: goal_metrics; Type: TABLE DATA; Schema: public; Owner: nutri
--

COPY public.goal_metrics (metric_id, goal_id, current_value, recorded_date, metric_unit) FROM stdin;
2	2	155.00	2025-12-02 02:01:40.721611	lbs
3	2	145.00	2025-12-02 02:01:48.127605	None
4	3	45.00	2025-12-02 02:06:58.132846	min
5	3	34.00	2025-12-02 02:07:05.537808	None
6	3	31.00	2025-12-02 02:07:09.799999	None
7	3	32.00	2025-12-02 02:07:12.623942	None
8	3	30.00	2025-12-02 02:07:16.324062	None
12	6	1.00	2025-12-02 02:45:22.779659	None
14	8	255.00	2025-12-02 02:46:20.101499	None
16	9	26.00	2025-12-02 02:51:04.674345	None
20	12	11.00	2025-12-02 11:08:09.496003	None
21	13	120.00	2025-12-02 11:26:21.20622	None
22	13	251.00	2025-12-02 11:26:27.630177	None
23	19	155.00	2025-12-02 12:07:28.956463	None
24	19	145.00	2025-12-02 12:46:52.720646	None
\.


--
-- Data for Name: goals; Type: TABLE DATA; Schema: public; Owner: nutri
--

COPY public.goals (goal_id, user_id, goal_type, date_added, goal_end_date, goal_complete, target_value, name, metric_type, challenged_user_id, challenge_status, created_by_user_id) FROM stdin;
2	9	lte	2025-12-02 02:01:40.719696	2025-12-05	t	145.00	\N	numeric	\N	personal	9
3	9	lte	2025-12-02 02:06:58.130892	2025-12-05	t	30.00	\N	numeric	\N	personal	9
7	9	gte	2025-12-02 02:33:04.89283	2025-12-01	f	\N	Sleep	boolean	\N	personal	9
6	9	lte	2025-12-02 02:32:30.063912	2025-12-02	t	\N	Go for a run tomorrow	boolean	\N	personal	9
8	9	gte	2025-12-02 02:46:12.865665	2025-12-05	t	250.00	Bench 250	numeric	\N	personal	9
9	9	gte	2025-12-02 02:50:57.188455	2025-12-02	t	25.00	Run 25 Miles 	numeric	\N	personal	9
12	8	gte	2025-12-02 11:08:06.908471	2025-12-10	t	10.00	Run 10 miles	numeric	\N	personal	\N
13	10	gte	2025-12-02 11:26:15.576178	2025-12-05	t	250.00	Bench 250	numeric	\N	personal	\N
19	9	lte	2025-12-02 12:07:21.986209	2025-12-05	t	145.00	Lose 10 pounds	numeric	\N	personal	\N
20	8	Workout	2025-12-02 12:47:34.887369	2025-12-05	f	145.00	Lose 10 pounds	numeric	8	declined	9
22	8	Workout	2025-12-02 18:57:02.565364	2025-12-05	f	145.00	Lose 10 pounds	numeric	8	accepted	9
23	9	Workout	2025-12-02 18:58:35.151044	2025-12-05	f	10.00	lose 10 pounds	numeric	9	accepted	8
24	8	Workout	2025-12-02 18:59:49.078649	2025-12-02	f	10.00	Run 10 miles today	numeric	8	declined	9
25	8	Workout	2025-12-03 16:37:46.797067	2025-12-03	f	10.00	Run 10 Miles today.	numeric	8	pending	9
\.


--
-- Data for Name: meal_foods; Type: TABLE DATA; Schema: public; Owner: nutri
--

COPY public.meal_foods (meal_id, food_id, food_amount) FROM stdin;
2	1	100.00
14	9	130.00
14	10	200.00
18	13	10.00
19	13	12.00
21	14	100.00
22	11	220.00
22	12	210.00
20	11	220.00
20	12	210.00
25	17	250.00
25	18	10.00
23	15	250.00
23	16	250.00
26	17	250.00
26	18	10.00
24	17	250.00
24	18	10.00
27	19	1250.00
28	20	124.00
29	9	130.00
29	10	200.00
30	21	2314.00
31	22	1210.00
32	22	120.00
36	23	100.00
37	24	250.00
37	25	100.00
38	26	250.00
38	27	300.00
39	28	200.00
39	29	200.00
40	30	200.00
41	31	330.00
41	32	920.00
42	33	30.00
42	34	25.00
42	35	35.00
42	36	250.00
17	11	220.02
17	12	210.00
44	37	120.00
45	38	120.00
45	39	300.00
46	38	120.00
46	39	300.00
47	40	200.00
48	41	120.00
48	42	145.00
49	43	120.00
\.


--
-- Data for Name: meals; Type: TABLE DATA; Schema: public; Owner: nutri
--

COPY public.meals (meal_id, user_id, meal_date, meal_type, meal_name, parent_meal_id) FROM stdin;
2	9	2025-11-22	Lunch	chicken	\N
14	9	2025-11-29	Lunch	Pizza and Wings	\N
18	9	2004-11-22	Breakfast	First meal	\N
19	9	2004-11-23	Breakfast	First meal	18
21	9	2025-11-22	Lunch	Pizza party	\N
22	9	2025-10-11	Breakfast	Breakfast in bed	17
20	9	2025-10-10	Breakfast	Breakfast in bed	17
25	9	2025-11-22	Dinner	Chicken and cheese	24
23	9	2004-11-22	Dinner	Good chicken	\N
26	9	2025-11-22	Dinner	Chicken and cheese	24
24	9	2025-11-22	Dinner	Chicken and cheese	\N
27	9	2025-11-28	Breakfast	Cheese bagel	\N
28	9	2025-11-29	Dinner	some food	\N
29	9	2025-11-29	Lunch	Pizza and Wings	14
30	9	2005-11-22	Breakfast	Dinner	\N
31	9	2004-11-29	Breakfast	quinn	\N
32	9	2025-11-22	Breakfast	quinn	31
36	9	2025-11-22	Dinner	Chicken	\N
37	9	2025-11-29	Dinner	Steak and Potatoes	\N
38	9	2025-11-20	Lunch	Steak and Potatoes 	\N
39	9	2025-11-29	Lunch	chicken and rice	\N
40	9	2025-11-28	Dinner	chicken and rice	\N
41	9	2025-11-30	Dinner	Alrigth meal	\N
42	9	2025-11-30	Dinner	beef stew 2	\N
17	9	2025-11-29	Breakfast	Breakfast in bed	\N
44	9	2025-12-02	Breakfast	chicken	\N
45	8	2025-12-02	Lunch	Chicken and potatoes	\N
46	8	2025-12-01	Lunch	Chicken and potatoes	45
47	10	2025-12-02	Snack	Chicken	\N
48	9	2025-12-02	Lunch	Chicken and potatoes	\N
49	9	2025-12-02	Lunch	Chicken and Potatoes	\N
\.


--
-- Data for Name: progress_tracking; Type: TABLE DATA; Schema: public; Owner: nutri
--

COPY public.progress_tracking (tracking_id, user_id, goal_id, height, weight, recorded_date) FROM stdin;
1	8	\N	172.72	150.00	2025-11-26 21:59:47.262242
2	8	\N	172.72	150.00	2025-11-26 22:06:36.42907
3	8	\N	172.72	-50.00	2025-11-28 10:48:51.222072
4	8	\N	172.72	150.00	2025-11-28 10:48:56.956195
5	9	\N	20.00	130.00	2025-11-28 10:57:42.355524
6	9	\N	20.00	130.00	2025-11-28 11:07:40.941633
7	9	\N	20.00	800.00	2025-11-28 11:08:08.911832
8	9	\N	20.00	800.00	2025-11-28 11:08:38.209775
9	9	\N	22.00	800.00	2025-11-28 11:08:46.330559
10	9	\N	22.00	800.00	2025-11-28 11:11:58.934028
11	9	\N	120.00	800.00	2025-11-28 11:12:05.194507
12	9	\N	120.00	800.00	2025-11-28 11:12:11.068265
13	9	\N	-120.00	800.00	2025-11-28 12:12:54.819298
14	9	\N	120.00	800.00	2025-11-28 12:15:22.720803
15	9	\N	120.00	800.00	2025-11-28 13:02:42.723795
16	9	\N	120.00	800.00	2025-11-28 19:17:27.93004
17	9	\N	120.00	800.00	2025-11-29 16:57:47.3233
18	9	\N	120.00	800.00	2025-11-29 16:58:00.66393
19	9	\N	120.00	800.00	2025-11-29 16:58:16.28389
20	9	\N	120.00	800.00	2025-11-30 18:39:06.959422
21	9	\N	120.00	800.00	2025-11-30 18:47:56.893007
22	9	\N	120.00	340.00	2025-11-30 18:48:09.470094
23	10	\N	68.00	145.00	2025-12-02 11:21:26.274491
24	11	\N	63.00	150.00	2025-12-02 11:55:52.92132
25	9	\N	120.00	155.00	2025-12-02 12:01:28.468817
26	9	\N	120.00	155.00	2025-12-02 12:43:26.175879
27	9	\N	120.00	155.00	2025-12-03 13:50:04.225437
\.


--
-- Data for Name: users; Type: TABLE DATA; Schema: public; Owner: nutri
--

COPY public.users (user_id, username, password, created_at, date_of_birth, nickname) FROM stdin;
1	quinn23	$2b$12$QxxDjptCisiGS9kaYWwzXuy7dTYGnZx5Zh6VhjH1GGl5bTUh0uWge	2025-11-26 00:43:21.329509	2004-11-22	
2	quinn	$2b$12$aCOaxxQkEgL3pkTi4nSvFeG66jG5wjmssMYh54S/GWEahnLICzvmq	2025-11-26 11:04:16.869543	2004-11-22	
6	dod	$2b$12$UsABgrKrQjTekQUuhHfUyemzw3nH3BGs7aOVmVpDmoaLxIyUcJmM.	2025-11-26 20:41:00.271891	2004-11-22	
7	quinndom	$2b$12$L49gEMTkF4IkWLtPj46Vq.6Oi1Dds0KHJlVu6ltS9z7SuaN.7jwbe	2025-11-26 20:58:15.413736	2004-11-22	
8	quinndomanski22@gmail.com	$2b$12$zxXHw3XtaJ15R9YFHbbn4uxIh4pOrXVRQ2mFIbk/Wtkiaan5xiiZK	2025-11-26 20:59:27.471101	2003-11-22	shlog
10	qmd	$2b$12$dxpyuuuU.4kJcU5d2JNBMOF99oWif3si2kUVtO4Nz6g/1KZSEn9vK	2025-12-02 11:20:37.989986	2004-11-24	Quinn
11	qmdomanski	$2b$12$ff1oOPebk3osc/sN9/G5murXhmdMJuqaC0lCelE3ZgKPHJP5zJ3rG	2025-12-02 11:55:18.843981	2004-11-22	MassiveEgo
9	wman	$2b$12$fqA/6AbsJIyFpCNvMFrDQ.vQ3wDV6mqCjyFqa31IsVViAniL5K03e	2025-11-28 10:55:00.885926	2004-11-22	Quinn
\.


--
-- Data for Name: workout_exercises; Type: TABLE DATA; Schema: public; Owner: nutri
--

COPY public.workout_exercises (workout_id, exercise_id, exercise_duration, sets, reps, weight, distance, incline, max_weight) FROM stdin;
5	253	0	\N	\N	\N	\N	\N	\N
3	249	0	\N	\N	\N	\N	\N	\N
3	253	0	\N	\N	\N	\N	\N	\N
3	254	0	\N	\N	\N	\N	\N	\N
21	249	2	3	12	125.00	\N	\N	125
21	253	3	3	12	135.00	\N	\N	135
21	254	31	\N	\N	\N	5.00	\N	\N
25	254	0	\N	\N	\N	\N	\N	\N
5	249	0	\N	\N	\N	\N	\N	\N
27	254	45	\N	\N	\N	5.00	\N	\N
28	254	45	\N	\N	\N	5.00	\N	\N
\.


--
-- Data for Name: workouts; Type: TABLE DATA; Schema: public; Owner: nutri
--

COPY public.workouts (workout_id, user_id, name, notes, duration, workout_date, is_template, total_calories_burned) FROM stdin;
3	9	Lat pulldown day	A great workout	0	2025-12-01 17:30:45.590361	t	\N
21	9	Lat pulldown day	A great workout	36	2025-12-01 00:00:00	f	686.44
25	9	Easy  5k	Short run	0	2025-12-01 22:49:52.654919	t	\N
5	9	Back Day (Simple)	a simplistic back day	0	2025-12-01 18:11:48.513419	t	\N
27	9	Easy  5k	Short run	45	2025-12-02 00:00:00	f	399.81
28	9	Easy  5k	Short run	45	2025-12-02 00:00:00	f	399.81
\.


--
-- Name: exercise_categories_category_id_seq; Type: SEQUENCE SET; Schema: public; Owner: nutri
--

SELECT pg_catalog.setval('public.exercise_categories_category_id_seq', 6, true);


--
-- Name: exercise_subcategories_subcategory_id_seq; Type: SEQUENCE SET; Schema: public; Owner: nutri
--

SELECT pg_catalog.setval('public.exercise_subcategories_subcategory_id_seq', 25, true);


--
-- Name: exercises_exercise_id_seq; Type: SEQUENCE SET; Schema: public; Owner: nutri
--

SELECT pg_catalog.setval('public.exercises_exercise_id_seq', 255, true);


--
-- Name: food_food_id_seq; Type: SEQUENCE SET; Schema: public; Owner: nutri
--

SELECT pg_catalog.setval('public.food_food_id_seq', 43, true);


--
-- Name: friends_friendship_id_seq; Type: SEQUENCE SET; Schema: public; Owner: nutri
--

SELECT pg_catalog.setval('public.friends_friendship_id_seq', 4, true);


--
-- Name: goal_metrics_metric_id_seq; Type: SEQUENCE SET; Schema: public; Owner: nutri
--

SELECT pg_catalog.setval('public.goal_metrics_metric_id_seq', 24, true);


--
-- Name: goals_goal_id_seq; Type: SEQUENCE SET; Schema: public; Owner: nutri
--

SELECT pg_catalog.setval('public.goals_goal_id_seq', 25, true);


--
-- Name: meals_meal_id_seq; Type: SEQUENCE SET; Schema: public; Owner: nutri
--

SELECT pg_catalog.setval('public.meals_meal_id_seq', 49, true);


--
-- Name: progress_tracking_tracking_id_seq; Type: SEQUENCE SET; Schema: public; Owner: nutri
--

SELECT pg_catalog.setval('public.progress_tracking_tracking_id_seq', 27, true);


--
-- Name: users_user_id_seq; Type: SEQUENCE SET; Schema: public; Owner: nutri
--

SELECT pg_catalog.setval('public.users_user_id_seq', 11, true);


--
-- Name: workouts_workout_id_seq; Type: SEQUENCE SET; Schema: public; Owner: nutri
--

SELECT pg_catalog.setval('public.workouts_workout_id_seq', 28, true);


--
-- Name: exercise_categories exercise_categories_name_key; Type: CONSTRAINT; Schema: public; Owner: nutri
--

ALTER TABLE ONLY public.exercise_categories
    ADD CONSTRAINT exercise_categories_name_key UNIQUE (name);


--
-- Name: exercise_categories exercise_categories_pkey; Type: CONSTRAINT; Schema: public; Owner: nutri
--

ALTER TABLE ONLY public.exercise_categories
    ADD CONSTRAINT exercise_categories_pkey PRIMARY KEY (category_id);


--
-- Name: exercise_subcategories exercise_subcategories_pkey; Type: CONSTRAINT; Schema: public; Owner: nutri
--

ALTER TABLE ONLY public.exercise_subcategories
    ADD CONSTRAINT exercise_subcategories_pkey PRIMARY KEY (subcategory_id);


--
-- Name: exercise_subcategory_links exercise_subcategory_links_pkey; Type: CONSTRAINT; Schema: public; Owner: nutri
--

ALTER TABLE ONLY public.exercise_subcategory_links
    ADD CONSTRAINT exercise_subcategory_links_pkey PRIMARY KEY (exercise_id, subcategory_id);


--
-- Name: exercises exercises_pkey; Type: CONSTRAINT; Schema: public; Owner: nutri
--

ALTER TABLE ONLY public.exercises
    ADD CONSTRAINT exercises_pkey PRIMARY KEY (exercise_id);


--
-- Name: food food_pkey; Type: CONSTRAINT; Schema: public; Owner: nutri
--

ALTER TABLE ONLY public.food
    ADD CONSTRAINT food_pkey PRIMARY KEY (food_id);


--
-- Name: friends friends_pkey; Type: CONSTRAINT; Schema: public; Owner: nutri
--

ALTER TABLE ONLY public.friends
    ADD CONSTRAINT friends_pkey PRIMARY KEY (friendship_id);


--
-- Name: friends friends_user_id_friend_id_key; Type: CONSTRAINT; Schema: public; Owner: nutri
--

ALTER TABLE ONLY public.friends
    ADD CONSTRAINT friends_user_id_friend_id_key UNIQUE (user_id, friend_id);


--
-- Name: goal_metrics goal_metrics_pkey; Type: CONSTRAINT; Schema: public; Owner: nutri
--

ALTER TABLE ONLY public.goal_metrics
    ADD CONSTRAINT goal_metrics_pkey PRIMARY KEY (metric_id);


--
-- Name: goals goals_pkey; Type: CONSTRAINT; Schema: public; Owner: nutri
--

ALTER TABLE ONLY public.goals
    ADD CONSTRAINT goals_pkey PRIMARY KEY (goal_id);


--
-- Name: meal_foods meal_foods_pkey; Type: CONSTRAINT; Schema: public; Owner: nutri
--

ALTER TABLE ONLY public.meal_foods
    ADD CONSTRAINT meal_foods_pkey PRIMARY KEY (meal_id, food_id);


--
-- Name: meals meals_pkey; Type: CONSTRAINT; Schema: public; Owner: nutri
--

ALTER TABLE ONLY public.meals
    ADD CONSTRAINT meals_pkey PRIMARY KEY (meal_id);


--
-- Name: progress_tracking progress_tracking_pkey; Type: CONSTRAINT; Schema: public; Owner: nutri
--

ALTER TABLE ONLY public.progress_tracking
    ADD CONSTRAINT progress_tracking_pkey PRIMARY KEY (tracking_id);


--
-- Name: users users_pkey; Type: CONSTRAINT; Schema: public; Owner: nutri
--

ALTER TABLE ONLY public.users
    ADD CONSTRAINT users_pkey PRIMARY KEY (user_id);


--
-- Name: users users_username_key; Type: CONSTRAINT; Schema: public; Owner: nutri
--

ALTER TABLE ONLY public.users
    ADD CONSTRAINT users_username_key UNIQUE (username);


--
-- Name: workout_exercises workout_exercises_pkey; Type: CONSTRAINT; Schema: public; Owner: nutri
--

ALTER TABLE ONLY public.workout_exercises
    ADD CONSTRAINT workout_exercises_pkey PRIMARY KEY (workout_id, exercise_id);


--
-- Name: workouts workouts_pkey; Type: CONSTRAINT; Schema: public; Owner: nutri
--

ALTER TABLE ONLY public.workouts
    ADD CONSTRAINT workouts_pkey PRIMARY KEY (workout_id);


--
-- Name: idx_friends_friend_id; Type: INDEX; Schema: public; Owner: nutri
--

CREATE INDEX idx_friends_friend_id ON public.friends USING btree (friend_id);


--
-- Name: idx_friends_status; Type: INDEX; Schema: public; Owner: nutri
--

CREATE INDEX idx_friends_status ON public.friends USING btree (status);


--
-- Name: idx_friends_user_id; Type: INDEX; Schema: public; Owner: nutri
--

CREATE INDEX idx_friends_user_id ON public.friends USING btree (user_id);


--
-- Name: idx_goals_challenge_status; Type: INDEX; Schema: public; Owner: nutri
--

CREATE INDEX idx_goals_challenge_status ON public.goals USING btree (challenge_status);


--
-- Name: idx_goals_challenged_user; Type: INDEX; Schema: public; Owner: nutri
--

CREATE INDEX idx_goals_challenged_user ON public.goals USING btree (challenged_user_id);


--
-- Name: idx_goals_created_by_user; Type: INDEX; Schema: public; Owner: nutri
--

CREATE INDEX idx_goals_created_by_user ON public.goals USING btree (created_by_user_id);


--
-- Name: exercise_subcategories exercise_subcategories_category_id_fkey; Type: FK CONSTRAINT; Schema: public; Owner: nutri
--

ALTER TABLE ONLY public.exercise_subcategories
    ADD CONSTRAINT exercise_subcategories_category_id_fkey FOREIGN KEY (category_id) REFERENCES public.exercise_categories(category_id) ON DELETE CASCADE;


--
-- Name: exercise_subcategory_links exercise_subcategory_links_exercise_id_fkey; Type: FK CONSTRAINT; Schema: public; Owner: nutri
--

ALTER TABLE ONLY public.exercise_subcategory_links
    ADD CONSTRAINT exercise_subcategory_links_exercise_id_fkey FOREIGN KEY (exercise_id) REFERENCES public.exercises(exercise_id) ON DELETE CASCADE;


--
-- Name: exercise_subcategory_links exercise_subcategory_links_subcategory_id_fkey; Type: FK CONSTRAINT; Schema: public; Owner: nutri
--

ALTER TABLE ONLY public.exercise_subcategory_links
    ADD CONSTRAINT exercise_subcategory_links_subcategory_id_fkey FOREIGN KEY (subcategory_id) REFERENCES public.exercise_subcategories(subcategory_id) ON DELETE CASCADE;


--
-- Name: exercises exercises_user_id_fkey; Type: FK CONSTRAINT; Schema: public; Owner: nutri
--

ALTER TABLE ONLY public.exercises
    ADD CONSTRAINT exercises_user_id_fkey FOREIGN KEY (user_id) REFERENCES public.users(user_id) ON DELETE CASCADE;


--
-- Name: food food_user_id_fkey; Type: FK CONSTRAINT; Schema: public; Owner: nutri
--

ALTER TABLE ONLY public.food
    ADD CONSTRAINT food_user_id_fkey FOREIGN KEY (user_id) REFERENCES public.users(user_id) ON DELETE CASCADE;


--
-- Name: friends friends_friend_id_fkey; Type: FK CONSTRAINT; Schema: public; Owner: nutri
--

ALTER TABLE ONLY public.friends
    ADD CONSTRAINT friends_friend_id_fkey FOREIGN KEY (friend_id) REFERENCES public.users(user_id) ON DELETE CASCADE;


--
-- Name: friends friends_user_id_fkey; Type: FK CONSTRAINT; Schema: public; Owner: nutri
--

ALTER TABLE ONLY public.friends
    ADD CONSTRAINT friends_user_id_fkey FOREIGN KEY (user_id) REFERENCES public.users(user_id) ON DELETE CASCADE;


--
-- Name: goal_metrics goal_metrics_goal_id_fkey; Type: FK CONSTRAINT; Schema: public; Owner: nutri
--

ALTER TABLE ONLY public.goal_metrics
    ADD CONSTRAINT goal_metrics_goal_id_fkey FOREIGN KEY (goal_id) REFERENCES public.goals(goal_id) ON DELETE CASCADE;


--
-- Name: goals goals_challenged_user_id_fkey; Type: FK CONSTRAINT; Schema: public; Owner: nutri
--

ALTER TABLE ONLY public.goals
    ADD CONSTRAINT goals_challenged_user_id_fkey FOREIGN KEY (challenged_user_id) REFERENCES public.users(user_id) ON DELETE CASCADE;


--
-- Name: goals goals_created_by_user_id_fkey; Type: FK CONSTRAINT; Schema: public; Owner: nutri
--

ALTER TABLE ONLY public.goals
    ADD CONSTRAINT goals_created_by_user_id_fkey FOREIGN KEY (created_by_user_id) REFERENCES public.users(user_id) ON DELETE CASCADE;


--
-- Name: goals goals_user_id_fkey; Type: FK CONSTRAINT; Schema: public; Owner: nutri
--

ALTER TABLE ONLY public.goals
    ADD CONSTRAINT goals_user_id_fkey FOREIGN KEY (user_id) REFERENCES public.users(user_id) ON DELETE CASCADE;


--
-- Name: meal_foods meal_foods_food_id_fkey; Type: FK CONSTRAINT; Schema: public; Owner: nutri
--

ALTER TABLE ONLY public.meal_foods
    ADD CONSTRAINT meal_foods_food_id_fkey FOREIGN KEY (food_id) REFERENCES public.food(food_id) ON DELETE CASCADE;


--
-- Name: meal_foods meal_foods_meal_id_fkey; Type: FK CONSTRAINT; Schema: public; Owner: nutri
--

ALTER TABLE ONLY public.meal_foods
    ADD CONSTRAINT meal_foods_meal_id_fkey FOREIGN KEY (meal_id) REFERENCES public.meals(meal_id) ON DELETE CASCADE;


--
-- Name: meals meals_parent_meal_id_fkey; Type: FK CONSTRAINT; Schema: public; Owner: nutri
--

ALTER TABLE ONLY public.meals
    ADD CONSTRAINT meals_parent_meal_id_fkey FOREIGN KEY (parent_meal_id) REFERENCES public.meals(meal_id) ON DELETE CASCADE;


--
-- Name: meals meals_user_id_fkey; Type: FK CONSTRAINT; Schema: public; Owner: nutri
--

ALTER TABLE ONLY public.meals
    ADD CONSTRAINT meals_user_id_fkey FOREIGN KEY (user_id) REFERENCES public.users(user_id) ON DELETE CASCADE;


--
-- Name: progress_tracking progress_tracking_goal_id_fkey; Type: FK CONSTRAINT; Schema: public; Owner: nutri
--

ALTER TABLE ONLY public.progress_tracking
    ADD CONSTRAINT progress_tracking_goal_id_fkey FOREIGN KEY (goal_id) REFERENCES public.goals(goal_id) ON DELETE SET NULL;


--
-- Name: progress_tracking progress_tracking_user_id_fkey; Type: FK CONSTRAINT; Schema: public; Owner: nutri
--

ALTER TABLE ONLY public.progress_tracking
    ADD CONSTRAINT progress_tracking_user_id_fkey FOREIGN KEY (user_id) REFERENCES public.users(user_id) ON DELETE CASCADE;


--
-- Name: workout_exercises workout_exercises_exercise_id_fkey; Type: FK CONSTRAINT; Schema: public; Owner: nutri
--

ALTER TABLE ONLY public.workout_exercises
    ADD CONSTRAINT workout_exercises_exercise_id_fkey FOREIGN KEY (exercise_id) REFERENCES public.exercises(exercise_id) ON DELETE CASCADE;


--
-- Name: workout_exercises workout_exercises_workout_id_fkey; Type: FK CONSTRAINT; Schema: public; Owner: nutri
--

ALTER TABLE ONLY public.workout_exercises
    ADD CONSTRAINT workout_exercises_workout_id_fkey FOREIGN KEY (workout_id) REFERENCES public.workouts(workout_id) ON DELETE CASCADE;


--
-- Name: workouts workouts_user_id_fkey; Type: FK CONSTRAINT; Schema: public; Owner: nutri
--

ALTER TABLE ONLY public.workouts
    ADD CONSTRAINT workouts_user_id_fkey FOREIGN KEY (user_id) REFERENCES public.users(user_id) ON DELETE CASCADE;


--
-- PostgreSQL database dump complete
--

\unrestrict LX82490cAN9cqhoSSlH2IKi2aOyNmG1UzvHp4SMbDlGHPqO5BkxqhdiD4PoyKna

